layer,precision,l1_avg_ms,l2_avg_ms,combined_avg_ms
Layer 1,0.56,0.08150946010242809,,
Layer 2,0.9990909090909091,,8.592138073661111,
Combined L1+L2,0.9990909090909091,,,8.673647533763539
